Title, Price
NIKE AIR MAX TERRASCAPE 90 NN,159.0
NIKE AIR MAX 90,159.0
NIKE AIR MAX 90 LTR,159.0
NIKE AIR MAX 90,159.0
NIKE AIR MAX PULSE,159.0
NIKE AIR MAX PULSE,159.0
NIKE AIR MAX PULSE,159.0
NIKE AIR MAX TERRASCAPE 90,159.0
NIKE AIR MAX PULSE,159.0
NIKE AIR MAX TERRASCAPE 90,159.0
NIKE AIR MAX TERRASCAPE 90,159.0
NIKE AIR MAX 90,159.0
NIKE AIR MAX 90,159.0
NIKE AIR MAX PULSE,159.0
NIKE AIR MAX 90,159.0
NIKE AIR MAX TW,159.0
NIKE AIR MAX 270,159.0
NIKE AIR MAX TW NN,159.0
NIKE AIR MAX TW NN,159.0
NIKE AIR MAX 270,159.0
NIKE AIR MAX 270,159.0
NIKE AIR MAX PULSE,159.0
NIKE AIR MAX 1,149.0
NIKE AIR MAX 90,159.0
NIKE AIR MAX PULSE,159.0
NIKE AIR MAX 90 LTR,159.0
NIKE AIR MAX 90,149.0
NIKE AIR MAX 90,159.0
NIKE AIR MAX TW,159.0
NIKE AIR MAX 1,149.0
NIKE AIR MAX 1,149.0
NIKE AIR MAX 1,149.0
NIKE AIR MAX 90,149.0
NIKE AIR MAX 90,149.0
NIKE AIR MAX 270,149.0
NIKE AIR MAX TW NN,159.0
NIKE AIR MAX TW NN,159.0
NIKE AIR MAX PULSE,159.0
NIKE AIR MAX 90 WT,159.0
NIKE AIR MAX DAWN,114.0
NIKE AIR MAX DAWN,119.0
NIKE AIR MAX DAWN,119.0
NIKE AIR MAX 90,159.0
NIKE AIR MAX PULSE,159.0
NIKE AIR MAX 90,159.0
NIKE AIR MAX 270,159.0
NIKE AIR MAX 270,159.0
